{
    "vertices": [0.02724,-1.061659,-0.942043,-0.534432,-1.061659,-0.759544,-0.881564,-1.061659,-0.281757,-0.881564,-1.061659,0.30882,-0.534432,-1.061659,0.786607,0.02724,-1.061659,0.969105,0.588913,-1.061659,0.786607,0.936045,-1.061659,0.30882,0.936045,-1.061659,-0.281757,0.588912,-1.061659,-0.759545,0.02724,0.994322,-0.986469,-0.560545,0.994322,-0.795486,-0.923816,0.994322,-0.295486,-0.923816,0.994322,0.322548,-0.560545,0.994322,0.822548,0.02724,0.994322,1.013531,0.615026,0.994322,0.822548,0.978297,0.994322,0.322548,0.978297,0.994322,-0.295486,0.615025,0.994322,-0.795486,0.02724,0.994322,-1.071845,-0.610728,0.994322,-0.864557,-1.005014,0.994322,-0.321869,-1.005014,0.994322,0.348931,-0.610728,0.994322,0.891619,0.02724,0.994322,1.098908,0.665209,0.994322,0.891619,1.059495,0.994322,0.348931,1.059495,0.994322,-0.321869,0.665208,0.994322,-0.864557,0.02724,1.208749,-1.071845,-0.610728,1.208749,-0.864557,-1.005014,1.20875,-0.321869,-1.005014,1.20875,0.348931,-0.610728,1.20875,0.891619,0.02724,1.20875,1.098908,0.665209,1.20875,0.891619,1.059495,1.20875,0.348931,1.059495,1.20875,-0.321869,0.665208,1.208749,-0.864557,0.02724,1.269468,-1.015979,-0.577891,1.269468,-0.81936,-0.951882,1.269468,-0.304605,-0.951882,1.269468,0.331667,-0.57789,1.269468,0.846423,0.02724,1.269468,1.043042,0.632371,1.269468,0.846422,1.006363,1.269468,0.331667,1.006363,1.269468,-0.304605,0.632371,1.269468,-0.81936,0.02724,1.269468,0.013531],
    "faces": [41,9,0,10,19,0,1,2,3,0,1,2,3,41,8,9,19,18,4,0,3,5,4,0,3,5,41,7,8,18,17,6,7,8,9,6,4,5,7,41,6,7,17,16,10,6,9,11,8,6,7,9,41,5,6,16,15,12,10,11,13,10,8,9,11,41,4,5,15,14,14,12,13,15,12,10,11,13,41,3,4,14,13,16,14,15,17,14,12,13,15,41,2,3,13,12,18,16,17,19,16,14,15,17,41,1,2,12,11,20,18,19,21,18,16,17,19,41,0,1,11,10,1,20,21,2,1,18,19,2,41,19,10,20,29,22,23,24,25,3,2,20,21,41,18,19,29,28,22,23,24,25,5,3,21,22,41,17,18,28,27,22,23,24,25,7,5,22,23,41,16,17,27,26,22,23,24,25,9,7,23,24,41,15,16,26,25,22,23,24,25,11,9,24,25,41,14,15,25,24,24,25,22,23,13,11,25,26,41,13,14,24,23,24,25,22,23,15,13,26,27,41,12,13,23,22,24,25,22,23,17,15,27,28,41,11,12,22,21,24,25,22,23,19,17,28,29,41,10,11,21,20,24,25,22,23,2,19,29,20,41,29,20,30,39,26,27,28,29,21,20,30,31,41,28,29,39,38,30,26,29,31,22,21,31,32,41,27,28,38,37,32,30,31,33,23,22,32,33,41,26,27,37,36,34,32,33,35,24,23,33,34,41,25,26,36,35,36,34,35,37,25,24,34,35,41,24,25,35,34,38,36,37,39,26,25,35,36,41,23,24,34,33,40,38,39,41,27,26,36,37,41,22,23,33,32,42,40,41,43,28,27,37,38,41,21,22,32,31,44,42,43,45,29,28,38,39,41,20,21,31,30,27,44,45,28,20,29,39,30,41,39,30,40,49,29,28,46,47,31,30,40,41,41,38,39,49,48,31,29,47,48,32,31,41,42,41,37,38,48,47,33,31,48,49,33,32,42,43,41,36,37,47,46,35,33,49,50,34,33,43,44,41,35,36,46,45,37,35,50,51,35,34,44,45,41,34,35,45,44,39,37,51,52,36,35,45,46,41,33,34,44,43,41,39,52,53,37,36,46,47,41,32,33,43,42,43,41,53,54,38,37,47,48,41,31,32,42,41,45,43,54,55,39,38,48,49,41,30,31,41,40,28,45,55,46,30,39,49,40,40,49,40,50,47,46,56,41,40,50,40,48,49,50,48,47,56,42,41,50,40,47,48,50,49,48,56,43,42,50,40,46,47,50,50,49,56,44,43,50,40,45,46,50,51,50,56,45,44,50,40,44,45,50,52,51,56,46,45,50,40,43,44,50,53,52,56,47,46,50,40,42,43,50,54,53,56,48,47,50,40,41,42,50,55,54,56,49,48,50,40,40,41,50,46,55,56,40,49,50],
    "uvs": [[0.0625,-0.0,0.125,-0.0,0.125,1.0,0.0625,1.0,0.0,-0.0,0.0,1.0,0.5625,-0.0,0.625,-0.0,0.625,1.0,0.5625,1.0,0.5,-0.0,0.5,1.0,0.4375,-0.0,0.4375,1.0,0.375,-0.0,0.375,1.0,0.3125,-0.0,0.3125,1.0,0.25,-0.0,0.25,1.0,0.1875,-0.0,0.1875,1.0,1.0,1.0,0.890625,1.0,0.890625,0.96,1.0,0.96,0.625,0.32,0.6875,0.04,0.703125,0.08,0.640625,0.32,0.625,0.56,0.640625,0.56,0.6875,0.84,0.703125,0.8,0.8125,0.96,0.8125,0.92,0.9375,0.84,0.921875,0.8,1.0,0.56,0.984375,0.56,1.0,0.32,0.984375,0.32,0.9375,0.04,0.921875,0.08,0.8125,-0.0,0.8125,0.04,0.71875,0.12,0.65625,0.32,0.65625,0.56,0.71875,0.76,0.8125,0.84,0.90625,0.76,0.96875,0.56,0.96875,0.32,0.90625,0.12,0.8125,0.08,0.8125,0.48]],
    "normals": [0.587634,-0.021577,-0.808802,0.0,-0.021577,-0.999756,0.0,-0.790094,-0.612934,0.360271,-0.790094,-0.495865,0.950804,-0.021577,-0.308939,0.582934,-0.790094,-0.189398,0.950804,-0.021577,0.308939,0.582934,-0.790094,0.189398,0.587634,-0.021577,0.808802,0.360271,-0.790094,0.495865,0.0,-0.021577,0.999756,0.0,-0.790094,0.612934,-0.587634,-0.021577,0.808802,-0.360271,-0.790094,0.495865,-0.950804,-0.021577,0.308939,-0.582934,-0.790094,0.189398,-0.950804,-0.021577,-0.308939,-0.582934,-0.790094,-0.189398,-0.587634,-0.021577,-0.808802,-0.360271,-0.790094,-0.495865,0.0,-0.643696,-0.765252,0.449782,-0.643696,-0.619098,0.727805,-0.643696,-0.236457,0.727805,-0.643696,0.236457,0.449782,-0.643696,0.619098,0.0,-0.643696,0.765252,-0.449782,-0.643696,0.619098,-0.727805,-0.643696,0.236457,-0.727805,-0.643696,-0.236457,-0.449782,-0.643696,-0.619098,0.0,0.341197,-0.93997,0.552507,0.341197,-0.76046,0.893979,0.341197,-0.290445,0.893979,0.341197,0.290445,0.552507,0.341197,0.76046,0.0,0.341197,0.93997,-0.552507,0.341197,0.76046,-0.893979,0.341197,0.290445,-0.893979,0.341197,-0.290445,-0.552507,0.341197,-0.76046,0.0,0.885464,-0.464675,0.27311,0.885464,-0.375927,0.441908,0.885464,-0.14359,0.441908,0.885464,0.14359,0.27311,0.885464,0.375927,0.0,0.885464,0.464675,-0.27311,0.885464,0.375927,-0.441908,0.885464,0.14359,-0.441908,0.885464,-0.14359,-0.27311,0.885464,-0.375927,0.0,1.0,0.0],
    "metadata": {
        "vertices": 51,
        "faces": 50,
        "uvs": 1,
        "version": 3,
        "normals": 51,
        "type": "Geometry",
        "generator": "io_three"
    },
    "name": "Circle.001Geometry.1"
}